<?xml version="1.0" encoding="UTF-8" ?>
<!DOCTYPE mapper
  PUBLIC "-//mybatis.org//DTD Mapper 3.0//EN"
  "http://mybatis.org/dtd/mybatis-3-mapper.dtd">
  
  <mapper namespace="com.samsung.biz.board">
  	
  	<select id="getBoardList" parameterType="java.util.HashMap" resultType="board">
	  SELECT * FROM (
	  SELECT ROWNUM R, A.* FROM (
	  
	  	select * from board  
	  	<where>
	 		<choose>
				<when test="searchCondition == TITLE">
					title like '%'||#{vo.searchKeyword}||'%'
				</when>
				<when test="searchCondition == CONTENT">
					content like '%'||#{vo.searchKeyword}||'%'
				</when>
	 		</choose> 	 
	  	 </where>
	  	order by family desc, depth asc) A)
		<where>
			<![CDATA[ R >= #{start} ]]> and <![CDATA[ R <= #{end} ]]>	  	
		</where> 
	 </select> 	
	
	<insert id="addBoard_sysdate" parameterType="board">
		insert into board(seq,title, nickname, content, regdate, userid, family,parent,depth,indent)
		values((select nvl(max(seq), 0) from board) +1 , #{title}, #{nickname}, #{content}, sysdate, #{userid}, 
		(select nvl(max(seq), 0) from board) +1, 0,0,0)
  	</insert>
  	
	<insert id="addBoard" parameterType="board">
		insert into board(seq,title, nickname, content, regdate, userid, family,parent,depth,indent)
		values((select nvl(max(seq), 0) from board) +1 , #{title}, #{nickname}, #{content}, #{regdate}, #{userid}, 
		(select nvl(max(seq), 0) from board) +1, 0,0,0)
  	</insert>
	
	<update id="updateBoard" parameterType="board">
		update board set
		title=#{title}, content=#{content} where seq=#{seq}
	</update>
	
	<select id="getBoard" resultType="board">
  	 select * from board where seq=#{seq}
  	</select>
  	
	<select id="getTotalRecord" resultType="int">
  	 	SELECT count(*) cnt FROM board
  	</select>
  	
	<select id="getDeleteRecord" resultType="int">
  	 	SELECT count(*) cnt FROM board WHERE parent =#{seq}
  	</select>
  	
  	<delete id="deleteBoard" parameterType="board">
		delete from board where seq=#{seq}
	</delete>
	
	<update id="addReply" parameterType="board">
		update board set <![CDATA[depth=#{depth}+1]]>
		<where>
		 	family=#{family} and <![CDATA[ depth>#{depth} ]]>
		</where>
	</update>
  	
  	<insert id="addReply_sysdate" parameterType="board">
		insert into board(seq,title, nickname, content, regdate, userid, family,parent,depth,indent)
		values((select nvl(max(seq), 0) from board) +1 , #{title}, #{nickname}, #{content}, sysdate, #{userid}, 
		#{family}, #{seq}, #{depth}, #{indent})
  	</insert>
  	
  	<insert id="addReply_today" parameterType="board">
		insert into board(seq,title, nickname, content, regdate, userid, family,parent,depth,indent)
		values((select nvl(max(seq), 0) from board) +1 , #{title}, #{nickname}, #{content}, #{regdate}, #{userid}, 
		#{family}, #{seq}, #{depth}, #{indent})
  	</insert>
  	
  </mapper>
