<?xml version="1.0" encoding="UTF-8" ?>
<!DOCTYPE mapper
  PUBLIC "-//mybatis.org//DTD Mapper 3.0//EN"
  "http://mybatis.org/dtd/mybatis-3-mapper.dtd">
  
<mapper namespace="com.samsung.biz.user">
	<select id="getUser" resultType="user">
		select * from userinfo where id=#{id} and password=#{password}
	</select>
	
	<insert id="addUser" parameterType="user">
		insert into userinfo(id, password, name, grade) values(#{id}, #{password}, #{name}, 1)
	</insert>
	
	<delete id="deleteUser" parameterType="user">
		delete from userinfo where id =#{id}
	</delete>
	
	<select id="userList" resultType="user">
		select * from userinfo order by grade desc
	</select>	
	
</mapper>