<?xml version="1.0" encoding="UTF-8" ?>
<!DOCTYPE configuration
  PUBLIC "-//mybatis.org//DTD Config 3.0//EN"
  "http://mybatis.org/dtd/mybatis-3-config.dtd">
  
<configuration>
	<typeAliases>
		<typeAlias type="com.samsung.biz.board.vo.BoardVO" alias="board"/>
		<typeAlias type="com.samsung.biz.user.vo.UserInfo" alias="user"/>
	</typeAliases>
	
	<mappers>
		<mapper resource="mappings/boardMapper.xml"/>
		<mapper resource="mappings/userMapper.xml"/>
	</mappers> 
	
</configuration>